<?xml version="1.0" encoding="UTF-8"?>
<addon id="repository.tvdobill"
       name="Repositório TV do Bill"
       version="1.0.0"
       provider-name="TV do Bill">

  <extension point="xbmc.addon.repository">
    <info compressed="false">https://tvdobill.github.io/repo/addons.xml</info>
    <checksum>https://tvdobill.github.io/repo/addons.xml.md5</checksum>
    <datadir zip="true">https://tvdobill.github.io/repo/</datadir>
  </extension>

  <extension point="xbmc.addon.metadata">
    <summary>Repositório oficial TV do Bill</summary>
    <description>Addons oficiais da TV do Bill</description>
    <platform>all</platform>
  </extension>
</addon>
